idx,upstream_fwflags,m3f_trimmed,upstream_morph0.2,m3f_morph0.2
0,406.0,406.0,399.7,399.7
1,517.4,517.4,520.3,520.3
2,523.2,523.2,523.3,523.3
3,514.2,514.2,514.4,514.4
4,516.5,516.5,516.5,516.5
5,424.6,424.6,424.6,424.6
6,596.5,596.5,595.5,595.5
7,172.3,172.3,172.3,172.3
8,434.5,434.5,421.8,421.8
9,320.4,320.4,320.8,320.8
10,501.4,501.4,501.4,501.4
11,511.3,511.3,482.1,482.1
12,676.6,419.0,676.6,419.1
13,512.9,512.9,512.5,512.5
14,559.8,559.8,487.1,487.1
15,147.0,147.0,150.0,150.0
16,475.4,475.4,466.8,466.8
17,389.9,389.9,389.9,389.9
18,642.9,296.2,642.4,515.2
19,573.1,407.8,573.1,407.8
20,712.1,311.1,711.9,309.4
21,411.4,411.4,413.1,413.1
22,455.6,455.6,456.5,456.5
23,424.4,424.4,424.4,424.4
