idx,note,harm,timb,morph,ir_per_sample
0,36,0.95,0.9,0.9,421.9
1,36,0.95,0.9,0.9,538.7
2,36,0.95,0.9,0.9,547.4
3,36,0.95,0.9,0.9,554.1
4,36,0.95,0.9,0.9,546.5
5,36,0.95,0.9,0.9,581.8
6,36,0.95,0.9,0.9,623.4
7,36,0.95,0.9,0.9,174.2
8,36,0.95,0.9,0.9,464.7
9,36,0.95,0.9,0.9,338.1
10,36,0.95,0.9,0.9,564.4
11,36,0.95,0.9,0.9,478.2
12,36,0.95,0.9,0.9,994.7
13,36,0.95,0.9,0.9,532.3
14,36,0.95,0.9,0.9,540.7
15,36,0.95,0.9,0.9,200.2
16,36,0.95,0.9,0.9,504.9
17,36,0.95,0.9,0.9,426.1
18,36,0.95,0.9,0.9,665.3
19,36,0.95,0.9,0.9,600.5
20,36,0.95,0.9,0.9,855.9
21,36,0.95,0.9,0.9,403.6
22,36,0.95,0.9,0.9,543.5
23,36,0.95,0.9,0.9,469.9
0,60,0.15,0.1,0.9,423.1
1,60,0.15,0.1,0.9,537.1
2,60,0.15,0.1,0.9,547.3
3,60,0.15,0.1,0.9,547.1
4,60,0.15,0.1,0.9,546.1
5,60,0.15,0.1,0.9,513.8
6,60,0.15,0.1,0.9,628.8
7,60,0.15,0.1,0.9,181.4
8,60,0.15,0.1,0.9,460.2
9,60,0.15,0.1,0.9,338.6
10,60,0.15,0.1,0.9,564.4
11,60,0.15,0.1,0.9,477.1
12,60,0.15,0.1,0.9,994.7
13,60,0.15,0.1,0.9,531.3
14,60,0.15,0.1,0.9,540.7
15,60,0.15,0.1,0.9,468.0
16,60,0.15,0.1,0.9,504.7
17,60,0.15,0.1,0.9,415.3
18,60,0.15,0.1,0.9,665.8
19,60,0.15,0.1,0.9,561.9
20,60,0.15,0.1,0.9,857.7
21,60,0.15,0.1,0.9,413.5
22,60,0.15,0.1,0.9,540.0
23,60,0.15,0.1,0.9,474.5
